epoch,loss,val_loss
1,9.999977111816406,10.4122314453125
